{
  "metadata": {
    "episodes": 2000,
    "seed": 11,
    "difficulty": "medium",
    "alpha": 0.01,
    "gamma": 0.96,
    "epsilon_start": 0.6,
    "epsilon_end": 0.03,
    "warm_start_scenarios": 10,
    "warm_start_passes": 1,
    "warm_start_alpha": 0.02,
    "projected_warm_start_scenarios": 1,
    "reward_scale": 0.02,
    "warm_start_updates": 5325,
    "training_successes": 2,
    "best_distance_km": 0.7581481776985352,
    "best_episode": 1820,
    "actions": [
      "coast",
      "prograde",
      "retrograde",
      "radial_out",
      "radial_in"
    ]
  },
  "weights": [
    [
      -0.8478820124029608,
      0.2137590285438677,
      -0.19160084092123494,
      -0.1931703489259017,
      -0.4551548426086015,
      0.3172928016495959,
      1.1552761366004918,
      -0.898119227925037,
      -0.6017915473370926,
      -0.5084910496565941,
      -1.5830136581885843,
      0.43914400904531464,
      0.10652630317149307,
      -1.2509428265716367,
      -0.19250020514043983,
      -0.4828240030570523,
      1.1954816854459371,
      0.30990777431245825,
      0.39460387719711004,
      -0.5378968503119377,
      0.05429678198504709,
      -1.390120561850809
    ],
    [
      -0.910606730633185,
      0.2928442237514163,
      -0.8984045577446118,
      -0.15232705642839892,
      -0.43324400196693846,
      -0.15635542478500086,
      0.9515956192329459,
      -1.1755321564179269,
      -0.5185058531320285,
      -0.037168296222564505,
      -1.877503600450408,
      0.5735402413269985,
      0.20127603788217366,
      -1.7970271980529655,
      0.35327683530757453,
      -0.35535338279732626,
      1.7033198792018256,
      1.2328987592302334,
      0.4414493643764645,
      -0.471709438616041,
      0.8283267976119054,
      -1.8080129506870957
    ],
    [
      -0.9287263203918008,
      0.37225557294885747,
      -0.17875546308580872,
      0.1304553450378108,
      -0.4015119435857831,
      0.3469233666155678,
      1.1638875235873554,
      -0.9210039508501913,
      -0.4246696024909552,
      -0.3822360209864061,
      -1.6526605643553915,
      0.44267475905508047,
      0.6870506772440145,
      -1.220600150847703,
      -0.1834905050485281,
      -0.46616645688775044,
      1.2804912514487052,
      0.04729718001690364,
      -0.18531540746629774,
      -0.6512037530041945,
      -0.1572611155820539,
      -1.5158900712740102
    ],
    [
      -0.3464446637195092,
      0.5400067449667554,
      -0.9467797201814886,
      0.19342992891027505,
      -1.3925875106602619,
      0.4547986120669353,
      1.3567726833220368,
      -1.2609078917194207,
      -0.5306350981389494,
      0.27836626278567517,
      -1.7828755884393317,
      0.41018602902960855,
      0.706211892464391,
      -1.0425899101803673,
      0.03984251743198411,
      -0.7355122223410365,
      1.1836783113684575,
      0.25540389484712567,
      -0.03973178191729246,
      -0.5906104703867766,
      0.4311863509789481,
      -1.4274330816486358
    ],
    [
      -0.6106809265612689,
      0.46995638191131306,
      -0.4508812900065558,
      -0.06529661676793254,
      -0.4355340898373468,
      0.21331161983560432,
      0.9576290034022701,
      -1.1489374380120838,
      -0.7075450766911836,
      0.25307842935646085,
      -2.7511470979322614,
      0.23773229941777868,
      0.07547224341946557,
      -1.058908910342942,
      0.12915417018080852,
      -0.3486477280370104,
      1.6962713557167484,
      0.2471021659394488,
      0.31784145248698215,
      -0.5676155842926804,
      0.3491398146576146,
      -1.4506757912341166
    ]
  ]
}