{
  "metadata": {
    "episodes": 1600,
    "seed": 11,
    "difficulty": "medium",
    "alpha": 0.006,
    "gamma": 0.96,
    "epsilon_start": 0.5,
    "epsilon_end": 0.02,
    "warm_start_scenarios": 24,
    "warm_start_passes": 5,
    "warm_start_alpha": 0.02,
    "reward_scale": 0.02,
    "warm_start_updates": 64650,
    "training_successes": 9,
    "best_distance_km": 0.6252689204734468,
    "best_episode": 339,
    "actions": [
      "coast",
      "prograde",
      "retrograde",
      "radial_out",
      "radial_in"
    ]
  },
  "weights": [
    [
      -0.4629107164433475,
      0.06235316440978358,
      -0.4171234996196279,
      -0.718120024588767,
      -0.5059058371940952,
      1.7798109459316491,
      3.0061588872869294,
      -0.4529095322183872,
      -0.5004842558226004,
      -0.277715033357522,
      -1.036737612661963,
      1.2176998249992934
    ],
    [
      -0.41095905134713795,
      0.29798119741306867,
      -2.2336459628268113,
      0.03090166879999481,
      -0.10506744225195916,
      0.9551716876619987,
      2.640646854692611,
      -1.1100282507480685,
      -0.6372440683003248,
      -0.3549799888874582,
      -1.3757653889046384,
      1.487895908707551
    ],
    [
      -0.6165612861602875,
      0.39519470092258907,
      -0.9186136718331223,
      -0.35134574285758924,
      -0.41655406589584565,
      1.3756664771966265,
      2.983744199541845,
      -0.6079206194145175,
      -0.45629720905436677,
      -0.15724383993375932,
      -1.050169904432848,
      1.2458023678890715
    ],
    [
      -0.6488357108925045,
      0.05356984357286165,
      -2.5756078842836687,
      0.15474134069064005,
      -0.10340911263314913,
      0.6071800872223243,
      2.6505951685776297,
      -1.1561443141153442,
      -0.3463167319815543,
      0.11982407309489766,
      -1.4851606372550792,
      1.5480581110370069
    ],
    [
      0.04126223615209159,
      1.3232575890240492,
      -1.6300280405347172,
      -0.6093897426869628,
      -0.2538444307644644,
      0.14696792338951956,
      2.77892825824522,
      -1.9611483245221453,
      -1.1406666971928328,
      0.5819923901657178,
      -1.7440132170174287,
      1.5075059161105604
    ]
  ]
}