{
  "metadata": {
    "episodes": 1200,
    "seed": 11,
    "difficulty": "medium",
    "alpha": 0.01,
    "gamma": 0.96,
    "epsilon_start": 0.6,
    "epsilon_end": 0.03,
    "warm_start_scenarios": 24,
    "warm_start_passes": 3,
    "warm_start_alpha": 0.02,
    "warm_start_updates": 38790,
    "training_successes": 6,
    "best_distance_km": 0.8020224184811742,
    "best_episode": 64,
    "actions": [
      "coast",
      "prograde",
      "retrograde",
      "radial_out",
      "radial_in"
    ]
  },
  "weights": [
    [
      27.40100774943322,
      15.054073290882803,
      -1.1862331675562174,
      -18.608690256856132,
      -0.021230128411572728,
      -40.87358881599111,
      223.730543497852,
      -89.85180712706253,
      25.16298525921007,
      56.18471006380397,
      -46.55413993412148,
      105.13234976663993
    ],
    [
      -12.22490275217548,
      22.100246034165608,
      -28.669143636131047,
      -5.254681003264639,
      15.392692506852448,
      -64.09260502596801,
      199.72996733374106,
      -85.36579746101347,
      -4.122454595167364,
      35.79573466531712,
      -55.295987811237026,
      72.97491478670578
    ],
    [
      -8.803643591109193,
      17.500144165567736,
      -2.7739511723569903,
      -7.599037905581548,
      2.7900716324950166,
      -29.698771579068836,
      203.60237749361707,
      -64.37427718224006,
      -3.9427532998333503,
      27.04313026702761,
      -50.63946648304525,
      68.73999682987478
    ],
    [
      -13.541584302031955,
      18.40097818475047,
      -22.683781932906882,
      -6.7102090999066375,
      -17.65846704128301,
      -13.307063973947656,
      178.37066592848842,
      -67.7522062390643,
      -6.916220033335128,
      36.198854551100354,
      -61.694379965865934,
      60.29276251990047
    ],
    [
      -6.949840592870241,
      70.42184977633163,
      -18.23979589971641,
      -15.342835604798632,
      3.079488233287478,
      -86.49564390098874,
      209.99275564589206,
      -131.66608396571056,
      -18.495740715228557,
      71.09651748045222,
      -89.97572173722293,
      52.971790857760496
    ]
  ]
}